Type,Simulation,case,tau_setup,lossValue,predictionAccuracy,avg_tau,stddev_tau,avg_each_local,stddev_each_local,avg_each_global,stddev_each_global,avg_betaAdapt,stddev_betaAdapt,avg_deltaAdapt,stddev_deltaAdapt,avg_rhoAdapt,stddev_rhoAdapt,total_time_recomputed
distributed,0,0,-1,0.22310205209594886,0.8732,32.45294855708909,13.166902661689017,0.013511160353298891,0.0021566363956531044,0.14954167480551797,0.0602568333237364,7.5285107016370985,5.032713317869356,0.5457103401466104,0.10275623568843703,0.1631423899648001,0.16295118915710002,15.067980675964547,
distributed,0,0,1,0.2452228032995172,0.8463,1.0,0.0,0.012620032144896523,0.006348817736115137,0.1279958735843859,0.050194006574482856,nan,nan,nan,nan,nan,nan,15.045901913033221,
distributed,0,0,2,0.23436651883030843,0.8556,1.9891304347826086,0.14506169422830154,0.013406123120114988,0.005074937165401567,0.13730071037922242,0.05926658105710308,nan,nan,nan,nan,nan,nan,15.22477013874777,
distributed,0,0,3,0.23035683273239835,0.8611,2.984251968503937,0.301429799925947,0.012832961508599382,0.0037688383678187256,0.13620774013037726,0.047739119815321515,nan,nan,nan,nan,nan,nan,15.012771140628056,
distributed,0,0,5,0.22646598306449492,0.8682,4.979057591623037,0.6322475900481002,0.01284411035299855,0.002990696649794645,0.13036607955461138,0.052858848765863366,nan,nan,nan,nan,nan,nan,15.056591645331734,
distributed,0,0,7,0.22513514737705423,0.8692,6.966101694915254,0.926629992066422,0.013454452893902779,0.0028590711812818007,0.12380723038270383,0.04997047797105703,nan,nan,nan,nan,nan,nan,14.83774656465222,
distributed,0,0,10,0.2244310442589565,0.8696,9.953959484346225,1.5802310280591303,0.013354421926435683,0.00207173556545389,0.13949215784020533,0.04592783156571139,nan,nan,nan,nan,nan,nan,14.971383648130612,
distributed,0,0,20,0.22332483507982465,0.8726,19.94736842105263,4.242640687119285,0.013690806776899413,0.0020468031229286168,0.14176777121062317,0.056447127382122035,nan,nan,nan,nan,nan,nan,15.117783736661895,
distributed,0,0,30,0.22306751219521703,0.8744,29.93569844789357,7.019782315000943,0.012183117554401525,0.003110657411566281,0.1204364007342061,0.06042544319916713,nan,nan,nan,nan,nan,nan,15.482212761627139,
distributed,0,0,50,0.22303043199411254,0.8738,49.29533116178067,12.224872187470918,0.01325019907816192,0.002323765992742908,0.14413500247761157,0.0457801415356369,nan,nan,nan,nan,nan,nan,14.650792974998843,
distributed,0,0,70,0.2226691007583406,0.8743,69.85918367346939,17.195606674057444,0.013875426067993598,0.002647665601373535,0.1236419199065595,0.039304706634895666,nan,nan,nan,nan,nan,nan,14.815564468956763,
distributed,0,0,100,0.22276284073346164,0.874,98.5811209439528,34.23722389446901,0.013220922990755508,0.0010531462676101424,0.14538930986350176,0.07614294131946303,nan,nan,nan,nan,nan,nan,14.851910934096612,
distributed,0,1,-1,0.2274907895486444,0.8631,8.441340782122905,2.5768874901857814,0.012570641846149082,0.0028986194904713166,0.12161215748627688,0.05350681882882647,12.25943813215165,2.9284935409782338,1.3433861109060536,0.17449012748201184,0.919733775676063,0.2077367249039785,15.39997584282199,
distributed,0,1,1,0.24700259347420556,0.8457,1.0,0.0,0.013768252991033472,0.0067962597405455925,0.13564693658243748,0.05617406645443024,nan,nan,nan,nan,nan,nan,15.090934146920567,
distributed,0,1,2,0.2343966871740527,0.8556,1.9894736842105263,0.1428261375083551,0.01291531863811369,0.005090258726949711,0.1323079633829566,0.05054567239108926,nan,nan,nan,nan,nan,nan,15.144318861618776,
distributed,0,1,3,0.2306161953806583,0.8598,2.9847908745247147,0.296424852994897,0.01321431624983685,0.0034590328100393957,0.13061864378316382,0.04951126425641717,nan,nan,nan,nan,nan,nan,15.07786136607214,
distributed,0,1,5,0.22788050955413042,0.8657,4.979848866498741,0.6207311155543968,0.013226081598123718,0.00279281911311166,0.12289248061123516,0.053696345433922536,nan,nan,nan,nan,nan,nan,15.222855698032594,
distributed,0,1,7,0.22759748107511588,0.8631,6.97489539748954,0.9995917534020515,0.013158491394697746,0.0029397828532497818,0.1242090804079355,0.05253338619811174,nan,nan,nan,nan,nan,nan,14.968148579888073,
distributed,0,1,10,0.22840607111692843,0.8618,9.946236559139784,1.2388002416778758,0.013072677592823118,0.002008803495824685,0.1292591666182093,0.055924225489843875,nan,nan,nan,nan,nan,nan,14.712407976750457,
distributed,0,1,20,0.2302102212513936,0.8632,19.948787061994608,4.190876412148972,0.013061671653401271,0.0024646629600629383,0.13203785127377002,0.06297882539565079,nan,nan,nan,nan,nan,nan,14.873243831803645,
distributed,0,1,30,0.23172004676595948,0.8614,29.704463208685162,5.65391070870609,0.013220904550794147,0.0015417495546318255,0.1412267137245895,0.05477408417247592,nan,nan,nan,nan,nan,nan,14.897020823568763,
distributed,0,1,50,0.23518660661197352,0.8582,49.5031185031185,13.00775976327042,0.013170453698163567,0.0013288119335040963,0.1237616988568161,0.05034108766351769,nan,nan,nan,nan,nan,nan,15.066647745309332,
distributed,0,1,70,0.23727460198790323,0.8554,68.87836490528414,19.69999603426356,0.012568632847729416,0.001996046139932051,0.11148871826007023,0.03904019690514623,nan,nan,nan,nan,nan,nan,14.900277326945101,
distributed,0,1,100,0.2445431255202713,0.851,99.15911379657604,28.3231062404433,0.01249192979281682,0.0034060555395326003,0.14162747792860592,0.06104033024274008,nan,nan,nan,nan,nan,nan,15.005186651328415,
distributed,0,2,-1,0.22289384300244602,0.874,98.62215628090999,43.66950320537299,0.013185803005688276,0.0015030728062858114,0.11841663094562456,0.05052454936908932,1e-05,0.0,5.831464019320437e-17,2.1450528620366182e-17,0.0,0.0,15.00897570768663,
distributed,0,2,1,0.2490595601976566,0.8427,1.0,0.0,0.014174339370431539,0.006856910884805777,0.1400684160000071,0.051796077507795614,nan,nan,nan,nan,nan,nan,14.807304515562105,
distributed,0,2,2,0.23440561379224234,0.8561,1.989795918367347,0.14069079067862747,0.013181814892429047,0.005058287510778701,0.12660251516349882,0.04950348444704963,nan,nan,nan,nan,nan,nan,15.114324026254637,
distributed,0,2,3,0.23079131375265052,0.8595,2.9838709677419355,0.3049106779729928,0.013377320607535997,0.004211775652346609,0.13763331485703748,0.05084655355654429,nan,nan,nan,nan,nan,nan,14.885429905897535,
distributed,0,2,5,0.22671918010438782,0.8654,4.978779840848806,0.6362311020216047,0.013230598529599928,0.00291177849926554,0.12901846142819312,0.06636638538811027,nan,nan,nan,nan,nan,nan,14.92135363066465,
distributed,0,2,7,0.2255074552107478,0.8682,6.973333333333334,1.02851895445316,0.013462039874146322,0.002954215580819021,0.14078680245694394,0.05547566032336886,nan,nan,nan,nan,nan,nan,15.263623641478842,
distributed,0,2,10,0.22484774049150819,0.8703,9.94054054054054,1.4083250695010159,0.013272767755626646,0.002255181895639455,0.13452407586215862,0.05029749291877259,nan,nan,nan,nan,nan,nan,15.06699425134876,
distributed,0,2,20,0.2237099844402348,0.8716,19.84308510638298,3.289055027166485,0.01335314526564176,0.0015417496673391182,0.11756182344673502,0.05595355234781609,nan,nan,nan,nan,nan,nan,14.713646779184291,
distributed,0,2,30,0.22333248023419736,0.8722,29.772182254196643,5.398947358537735,0.013157580278873093,0.001205437537514857,0.13334671433810832,0.054689854506318976,nan,nan,nan,nan,nan,nan,14.812551879146138,
distributed,0,2,50,0.22373848262261375,0.8709,49.30652173913043,12.33288287465668,0.013255671894508492,0.0007752347368710505,0.14032947485147312,0.05644719092089037,nan,nan,nan,nan,nan,nan,15.107187807542973,
distributed,0,2,70,0.22321474904581334,0.8728,68.93206793206794,19.962366937565296,0.013046568801009965,0.0011081607939379323,0.1337277765154568,0.04705449998638875,nan,nan,nan,nan,nan,nan,15.058171327743489,
distributed,0,2,100,0.22294240187702755,0.874,97.56951102588687,30.42876471732335,0.012745032322178329,0.000800804674680808,0.13277773410950086,0.05792470970135501,nan,nan,nan,nan,nan,nan,14.905796259998763,
distributed,0,3,-1,0.23689488829755487,0.8532,4.205128205128205,1.2949425390404243,0.01330059823293743,0.003522186975115003,0.12809002762924246,0.057015914260675434,26.014688453907542,4.213845092084505,2.7294486842968553,0.4043046745376168,1.7423136277542075,0.38792081318023036,14.79060141618906,
distributed,0,3,1,0.24639235320894864,0.8452,1.0,0.0,0.012818438194893892,0.006748524058507851,0.13345701366084767,0.05608233099969918,nan,nan,nan,nan,nan,nan,15.066371541141384,
distributed,0,3,2,0.23949689025939666,0.8527,1.9880952380952381,0.15157763207911912,0.014285246294842287,0.0052621721678390064,0.1479322526993082,0.05662447863882675,nan,nan,nan,nan,nan,nan,14.978253847932722,
distributed,0,3,3,0.23613963823262168,0.8538,2.9840637450199203,0.30315526415823824,0.014198440171818665,0.004148338129023971,0.13485292085124487,0.06128320431565942,nan,nan,nan,nan,nan,nan,15.013236620215162,
distributed,0,3,5,0.23755014072167757,0.8553,4.978779840848806,0.6362311020216047,0.012931808187234243,0.003331478485026712,0.1315896460757417,0.055417379781772205,nan,nan,nan,nan,nan,nan,15.007355016626057,
distributed,0,3,7,0.24101594355682893,0.8503,6.974137931034483,1.013746349389064,0.012743343625848311,0.002713262607950785,0.13271199688249055,0.049399488432240034,nan,nan,nan,nan,nan,nan,14.969606297160148,
distributed,0,3,10,0.24666460047599836,0.8448,9.96797153024911,1.6421904689366424,0.012707950577019985,0.0027433983308661363,0.13819348485991279,0.04644027365054426,nan,nan,nan,nan,nan,nan,15.233885643383179,
distributed,0,3,20,0.26549750028377445,0.824,19.9501312335958,4.14095399636364,0.013600156466606205,0.0022567882631175477,0.12775373279968374,0.047942504447317166,nan,nan,nan,nan,nan,nan,15.239366898830724,
distributed,0,3,30,0.27931252240172744,0.8119,29.89868891537545,5.2910531803632095,0.013160131236135266,0.0014150144302567085,0.12912775311805885,0.048702260310435674,nan,nan,nan,nan,nan,nan,14.909207032261145,
distributed,0,3,50,0.29636169860911515,0.797,49.788418708240535,10.92482496674508,0.013328294410332783,0.001616608180594109,0.13831498610339354,0.043027466377786525,nan,nan,nan,nan,nan,nan,14.882970645905583,
distributed,0,3,70,0.30282697408892995,0.7914,68.9631425800194,17.076916986095586,0.01282806802295354,0.001180744102252576,0.10952086564540768,0.04954033716257294,nan,nan,nan,nan,nan,nan,14.785073690073965,
distributed,0,3,100,0.3073353681112255,0.786,97.86711930164888,32.042831578303996,0.013053440096014682,0.0007917652134214362,0.15238024219900817,0.03040921744012478,nan,nan,nan,nan,nan,nan,15.084253581121393,
distributed,1,0,-1,0.22317165554669713,0.8723,31.130937098844672,13.722818367399487,0.013453533958941392,0.002308507987575578,0.13037286822672664,0.05376571699590767,7.677482409379773,3.3222332243362818,0.54516731541522,0.0856615979141908,0.1833827579322566,0.1366455330440333,14.873210033520467,
distributed,1,0,1,0.24628458055044505,0.8438,1.0,0.0,0.014495279613563106,0.006867116944062392,0.13045260129243194,0.04799593489025876,nan,nan,nan,nan,nan,nan,14.929631733317489,
distributed,1,0,2,0.23398945419875022,0.8562,1.9893617021276595,0.1435598073366932,0.013189662618658749,0.00527070746083648,0.1338560723666415,0.05548607153588617,nan,nan,nan,nan,nan,nan,15.19191964957692,
distributed,1,0,3,0.22988528617726725,0.8606,2.9846153846153847,0.29806538746827277,0.01248656458138095,0.0035313456700468144,0.1324394192079157,0.056911579056039455,nan,nan,nan,nan,nan,nan,14.91070835555812,
distributed,1,0,5,0.2267646128822668,0.8663,4.978201634877384,0.6444291185917106,0.013383117893944814,0.003289657298966468,0.13264226582153107,0.050195225104880455,nan,nan,nan,nan,nan,nan,14.894821884362807,
distributed,1,0,7,0.22500341214002587,0.8707,6.97489539748954,0.9995917534020515,0.013370491523258391,0.0030027789797075623,0.1277082482686854,0.05883323725175274,nan,nan,nan,nan,nan,nan,15.239489719832122,
distributed,1,0,10,0.22462504361110663,0.8698,9.956063268892795,1.1956371343162626,0.012735304426439343,0.002290764486684637,0.1358949363996058,0.06060493820859199,nan,nan,nan,nan,nan,nan,15.204768403222676,
distributed,1,0,20,0.2232509101431616,0.8722,19.888590604026845,3.8749350485532332,0.012849299940215211,0.0015130056353425951,0.13422628487863605,0.05073799542976251,nan,nan,nan,nan,nan,nan,14.91284943837335,
distributed,1,0,30,0.22335963109632734,0.8711,29.72442839951865,5.5353152236747905,0.013723829572012935,0.0028124570121416067,0.14228856502474851,0.051085475189296355,nan,nan,nan,nan,nan,nan,15.117933884056528,
distributed,1,0,50,0.2227145568980377,0.8737,49.89705882352941,14.38363267359428,0.012759361306982677,0.0015697383062605167,0.12136146333715558,0.057914063940473375,nan,nan,nan,nan,nan,nan,15.087275234447738,
distributed,1,0,70,0.22283447947973223,0.873,69.85947046843177,22.819605057932094,0.013832303771704971,0.002830360637905128,0.15054484477517943,0.04213630783139771,nan,nan,nan,nan,nan,nan,15.190179212311735,
distributed,1,0,100,0.22280033025050894,0.8739,98.67983789260386,28.342357985854793,0.013816464634736464,0.0018684780803803046,0.14773283890200223,0.05831903614226468,nan,nan,nan,nan,nan,nan,14.731306192193257,
distributed,1,1,-1,0.22765230632930553,0.8639,8.927480916030534,2.800859109970129,0.012344787237409158,0.002243272520732711,0.12762401560252024,0.05006120230716212,11.920810283187103,2.9564665683214795,1.318038018578802,0.16767188205757244,0.8969178903777828,0.19832157433247596,14.953540995841104,
distributed,1,1,1,0.2463731947076869,0.8446,1.0,0.0,0.01382422764256601,0.006153051293745494,0.1322810232765414,0.05000136187091588,nan,nan,nan,nan,nan,nan,15.048840844668069,
distributed,1,1,2,0.2345008758742793,0.8553,1.9894736842105263,0.1428261375083551,0.012536512601592687,0.0045173529885558575,0.13369873686465572,0.055638809751365155,nan,nan,nan,nan,nan,nan,15.21317834794744,
distributed,1,1,3,0.231086771556465,0.858,2.984251968503937,0.301429799925947,0.01275547370151647,0.00350891052407553,0.1361348692218562,0.05577833999763672,nan,nan,nan,nan,nan,nan,14.937343810106938,
distributed,1,1,5,0.2284585252401644,0.863,4.9779005524861875,0.6486486486486487,0.012807396353094544,0.0030389317764278946,0.14211749951016558,0.05070715508910267,nan,nan,nan,nan,nan,nan,15.20871140636755,
distributed,1,1,7,0.2275547817635988,0.8631,6.962025316455696,0.7969696860792765,0.013043690433552902,0.0024148614698503114,0.12681511511857052,0.05185778590711532,nan,nan,nan,nan,nan,nan,14.936685706186125,
distributed,1,1,10,0.22746149979077565,0.8645,9.942807625649912,1.2631383650092685,0.01240877126806948,0.0023615645332008936,0.1327311785484518,0.05696243107977981,nan,nan,nan,nan,nan,nan,15.045830364183837,
distributed,1,1,20,0.22947087205574485,0.864,19.873994638069703,3.7769848725078563,0.01296935043665894,0.001705317830041637,0.13501036364524693,0.05125524016190124,nan,nan,nan,nan,nan,nan,14.9293191307109,
distributed,1,1,30,0.23096648176721798,0.8628,29.7585394581861,6.424691951110704,0.012776455555364554,0.0021357192691608476,0.12316402222829245,0.05239152312263043,nan,nan,nan,nan,nan,nan,14.821873389765175,
distributed,1,1,50,0.2345457612848178,0.8594,49.47559709241952,12.881458488428848,0.01316664003022822,0.0008911014904051037,0.12598535019271204,0.06399004984571739,nan,nan,nan,nan,nan,nan,15.320778791905603,
distributed,1,1,70,0.2381116795858195,0.8552,69.1851106639839,20.943003008164805,0.013002206916543524,0.0005676534392229635,0.13184233751655516,0.046762096133987754,nan,nan,nan,nan,nan,nan,15.049317885858503,
distributed,1,1,100,0.24058882448444124,0.8532,97.86711930164888,32.042831578303996,0.013384461513088789,0.0009501866022034514,0.1138297707171468,0.041098893321351186,nan,nan,nan,nan,nan,nan,14.865175788023063,
distributed,1,2,-1,0.2230347185903271,0.8756,97.5965965965966,43.270919206547845,0.01435828908378132,0.0038683931770611096,0.12962693937816724,0.060288333530334665,1e-05,0.0,5.692471198459402e-17,2.6713260565796838e-17,0.0,0.0,15.059987852434256,
distributed,1,2,1,0.2490520084848134,0.8417,1.0,0.0,0.013082621149573594,0.007154601459166127,0.1399398265438221,0.05174329011837828,nan,nan,nan,nan,nan,nan,14.996199873952776,
distributed,1,2,2,0.23564990636551375,0.8559,1.989247311827957,0.14430489325798443,0.013248775183215905,0.004828185831459436,0.13346009827299313,0.057576604459298186,nan,nan,nan,nan,nan,nan,15.00056618850828,
distributed,1,2,3,0.2323881353600636,0.8603,2.9838709677419355,0.3049106779729928,0.013361951180515343,0.003959510896131941,0.1402233809475134,0.04640119727756298,nan,nan,nan,nan,nan,nan,15.075689881809861,
distributed,1,2,5,0.2277393015441705,0.8629,4.978201634877384,0.6444291185917106,0.013371770078726598,0.003104531969802472,0.1326398809433625,0.052564403063289036,nan,nan,nan,nan,nan,nan,14.855769409382898,
distributed,1,2,7,0.22597772288250412,0.8705,6.965591397849463,0.9332154110708886,0.012615367511828261,0.002549628075906977,0.1340983593922223,0.05333726320521679,nan,nan,nan,nan,nan,nan,14.967108163588776,
distributed,1,2,10,0.22465680692551648,0.8689,9.96797153024911,1.6421904689366424,0.012821764980745541,0.002946841251122901,0.12925517743943266,0.0498955767495195,nan,nan,nan,nan,nan,nan,14.915736078662205,
distributed,1,2,20,0.2244916330743742,0.8698,19.948787061994608,4.190876412148972,0.013148194344156811,0.0021202097154056428,0.13496280813201614,0.05128336379697855,nan,nan,nan,nan,nan,nan,14.872286268607047,
distributed,1,2,30,0.2266844447094257,0.868,29.86873508353222,5.3002591191453305,0.013141931589450984,0.001178032931944535,0.1354618829980968,0.05259893738664954,nan,nan,nan,nan,nan,nan,14.913035418529661,
distributed,1,2,50,0.2234621963473598,0.8729,49.39562841530055,12.914623494318368,0.013064732358734349,0.002738249828887452,0.12012353766997866,0.05160955842243249,nan,nan,nan,nan,nan,nan,14.942009500184698,
distributed,1,2,70,0.22288146156916894,0.8744,69.10240963855422,20.65338955232288,0.012903405503593856,0.0007781311748365378,0.1401089008983066,0.04750782938931194,nan,nan,nan,nan,nan,nan,15.067045798009518,
distributed,1,2,100,0.22356452394760754,0.8761,99.01100917431192,27.25445937008393,0.01281630616547688,0.0009531346170458109,0.11763878773447466,0.05628478247334672,nan,nan,nan,nan,nan,nan,15.159965802973023,
distributed,1,3,-1,0.23647442359729712,0.8557,4.280487804878049,1.2755892864404519,0.012704193520420936,0.004206569040030686,0.12935498391018127,0.05174131586253566,25.520565318823113,3.4021236379538817,2.7190245370540174,0.419833788253052,1.7168154197802235,0.4121833641134958,15.281247160319435,
distributed,1,3,1,0.2468456734631568,0.8439,1.0,0.0,0.013517803736577173,0.006849519321640424,0.13585444443170533,0.05483026913855146,nan,nan,nan,nan,nan,nan,15.086597064996543,
distributed,1,3,2,0.23765336292582862,0.8543,1.989010989010989,0.1458305202717254,0.01393248087327711,0.0051815018435998755,0.13687713296111023,0.047143736436329416,nan,nan,nan,nan,nan,nan,15.144478613778833,
distributed,1,3,3,0.23619481033124154,0.8543,2.9838709677419355,0.3049106779729928,0.012978009638899295,0.003959790803197079,0.1434302505889333,0.05258208850510632,nan,nan,nan,nan,nan,nan,15.27759010300162,
distributed,1,3,5,0.2374686056297054,0.8544,4.97319034852547,0.566095388534183,0.013080244805936468,0.0029961465828530352,0.13057754260277402,0.05722068734403807,nan,nan,nan,nan,nan,nan,14.816933294444356,
distributed,1,3,7,0.24154857937270874,0.8502,6.960869565217391,0.8084538844149756,0.01345085870020804,0.0029794451028852397,0.12900751335062677,0.057676112887658504,nan,nan,nan,nan,nan,nan,14.801396747543679,
distributed,1,3,10,0.24701784566948717,0.8444,9.969594594594595,1.6027053183738023,0.012720046443539561,0.0024602936667511457,0.12443566166592454,0.054451951610420005,nan,nan,nan,nan,nan,nan,15.144104301800246,
distributed,1,3,20,0.26482823568796077,0.8247,19.948787061994608,4.190876412148972,0.013075989056305474,0.0025948744952580716,0.1372220114729692,0.0581109410815718,nan,nan,nan,nan,nan,nan,15.0651703619579,
distributed,1,3,30,0.2738111853169368,0.8174,29.74969474969475,6.526630711349506,0.013272132364543741,0.002190187685422819,0.1296360183446269,0.05551375263142904,nan,nan,nan,nan,nan,nan,14.923005666683817,
distributed,1,3,50,0.2941107682535645,0.7989,49.59172852598091,10.729748366108126,0.013104551046656723,0.0007710493441812131,0.12325811168687129,0.04304043924530986,nan,nan,nan,nan,nan,nan,14.768090512845944,
distributed,1,3,70,0.29670311136564803,0.7968,69.27620967741936,21.239703387759445,0.01310691822909459,0.0008499383494898299,0.11616793537179547,0.05166055308748238,nan,nan,nan,nan,nan,nan,15.049801152223814,
distributed,1,3,100,0.3086163817931234,0.7846,97.86711930164888,32.042831578303996,0.012666004358788277,0.0022971982870544218,0.09985343193556513,0.04513844019035071,nan,nan,nan,nan,nan,nan,14.936627189717814,
Type,Simulation,case,tau_setup,lossValue,predictionAccuracy,avg_tau,stddev_tau,avg_each_local,stddev_each_local,avg_each_global,stddev_each_global,avg_betaAdapt,stddev_betaAdapt,avg_deltaAdapt,stddev_deltaAdapt,avg_rhoAdapt,stddev_rhoAdapt,total_time_recomputed
distributed,0,0,-1,0.22316849484749668,0.8728,28.535452322738386,10.985927919156303,0.013311914226045765,0.0026456299421509263,0.1269580442752705,0.05197570102034347,7.257552705128887,4.572101139690791,0.544786835644577,0.09189955353599151,0.17774997090382041,0.14719105308378894,15.08187978981153,
distributed,0,0,1,0.2479102466044346,0.8434,1.0,0.0,0.012278370237217555,0.006778328708301253,0.1390580185841519,0.05950328119019454,nan,nan,nan,nan,nan,nan,14.830966104494207,
distributed,0,0,2,0.2331873347360128,0.8582,1.99,0.13931927999475532,0.012733929729183396,0.004601146896071642,0.12339233650388318,0.05106947128788039,nan,nan,nan,nan,nan,nan,15.005738005410947,
distributed,0,0,3,0.23007096406306296,0.8607,2.9844357976653697,0.2997334439173632,0.01318479555753748,0.00443603063304368,0.13378508376415651,0.04869790001270284,nan,nan,nan,nan,nan,nan,14.992874282792632,
Type,Simulation,case,tau_setup,lossValue,predictionAccuracy,avg_tau,stddev_tau,avg_each_local,stddev_each_local,avg_each_global,stddev_each_global,avg_betaAdapt,stddev_betaAdapt,avg_deltaAdapt,stddev_deltaAdapt,avg_rhoAdapt,stddev_rhoAdapt,total_time_recomputed
distributed,0,0,-1,0.22315430041030543,0.8734,25.729591836734695,10.960839383915815,0.01343898665465847,0.0019622254390299363,0.11504941480692113,0.05279989433899993,8.494814083190715,4.64127607432473,0.5480009409630291,0.09776003352876941,0.19901808948480965,0.15053936894722877,14.999823007037184,
distributed,0,0,1,0.24695210433601486,0.8438,1.0,0.0,0.013866986055102089,0.006391558935545495,0.1365734468485443,0.05141991675511031,nan,nan,nan,nan,nan,nan,15.044043290364643,
distributed,0,0,2,0.2339406448032073,0.856,1.9894736842105263,0.1428261375083551,0.013345830841890888,0.00439306151507004,0.1314677723395213,0.0490958845684888,nan,nan,nan,nan,nan,nan,15.159361291868194,
distributed,0,0,3,0.22959124221687593,0.8616,2.9849624060150375,0.29481109247603554,0.012781648119509681,0.003718751456467944,0.12998573191437465,0.05202404691798295,nan,nan,nan,nan,nan,nan,15.093863043665879,
distributed,0,0,5,0.22619472526011744,0.8672,4.979848866498741,0.6207311155543968,0.012462262176269891,0.003278962912908695,0.12468428419526735,0.0549131809385662,nan,nan,nan,nan,nan,nan,15.034504775746827,
distributed,0,0,7,0.22513514737705423,0.8692,6.974522292993631,1.0065945132861067,0.013064768469437995,0.002662661720963935,0.1302082549472862,0.05307774294609787,nan,nan,nan,nan,nan,nan,15.099826270135638,
distributed,0,0,10,0.22422556745124278,0.8716,9.968531468531468,1.6287068520047763,0.012704586930281977,0.002303706049528225,0.12995493685187864,0.04988057150529983,nan,nan,nan,nan,nan,nan,14.942944191172945,
distributed,0,0,20,0.22332651339856793,0.8723,19.842666666666666,3.4303437703301687,0.012589521970785729,0.0018230129395361478,0.14175224759927915,0.050940433767806444,nan,nan,nan,nan,nan,nan,15.059210392400697,
distributed,0,0,30,0.223079588656938,0.8732,29.81578947368421,5.337369657730109,0.013051146762878647,0.0013750257236265714,0.13549614059858026,0.05912578317351026,nan,nan,nan,nan,nan,nan,14.749738560438212,
distributed,0,0,50,0.22272048807506914,0.874,49.5985401459854,13.399834161494521,0.013176964810631,0.001470268825187689,0.12919971677176803,0.04900595869303337,nan,nan,nan,nan,nan,nan,15.024124371599344,
distributed,0,0,70,0.22269744501325253,0.8743,69.7239263803681,17.1743995528228,0.013549951626512917,0.001870540435089431,0.13413848414074714,0.042178550885819004,nan,nan,nan,nan,nan,nan,14.853037738435562,
distributed,0,0,100,0.22276284073346164,0.874,98.2258064516129,33.25939716831921,0.012464381890075654,0.0018908941769519858,0.14765569838656276,0.04291026413279722,nan,nan,nan,nan,nan,nan,15.081284493565617,
distributed,0,1,-1,0.22802652960565217,0.8648,9.533596837944664,2.8653593842717506,0.012852859600263509,0.003277069461289647,0.14040473104954532,0.0517008393542842,11.541334155328531,2.75196378695192,1.356746517283121,0.19319794795255468,0.9083297969430085,0.21491581328677242,14.907947525679843,
distributed,0,1,1,0.24652700591886964,0.8445,1.0,0.0,0.01187731162435187,0.006181107192760078,0.13648156600316486,0.05492528993271329,nan,nan,nan,nan,nan,nan,15.132605518006715,
distributed,0,1,2,0.23524703540422987,0.8547,1.9887640449438202,0.14740554623801777,0.012588718585435562,0.004984933448904351,0.141547537834873,0.05052017327947109,nan,nan,nan,nan,nan,nan,14.995266309550278,
distributed,0,1,3,0.23011691565384187,0.8598,2.9854545454545454,0.29012338845660307,0.01260911414387372,0.003964992391801494,0.12359037958198232,0.05536702888646318,nan,nan,nan,nan,nan,nan,14.973815139022449,
distributed,0,1,5,0.22818927843957754,0.8629,4.979328165374677,0.6283379061261193,0.01295133228331116,0.0028292108857514518,0.12649182446893206,0.05110468752868527,nan,nan,nan,nan,nan,nan,15.045647804013583,
distributed,0,1,7,0.2277957915452514,0.8632,6.9737417943107225,1.0210526194917653,0.013758274612910562,0.0031538033848081833,0.13544833489422559,0.05758268979349391,nan,nan,nan,nan,nan,nan,15.234980304858928,
distributed,0,1,10,0.2280333837597648,0.8629,9.96797153024911,1.6421904689366424,0.012969066896053089,0.002885468379065019,0.12944475796815147,0.05209786275776628,nan,nan,nan,nan,nan,nan,14.839550260775956,
distributed,0,1,20,0.23044695282090794,0.8622,19.907651715039577,3.0280303473301586,0.013150904759537075,0.0016594765351554087,0.12802090065095328,0.04915675529510097,nan,nan,nan,nan,nan,nan,15.02687901718258,
distributed,0,1,30,0.2320258413351333,0.8619,29.931116389548695,7.233870947762953,0.012903220536860438,0.0015312112463663546,0.14394966490871206,0.06493251517506678,nan,nan,nan,nan,nan,nan,15.258930474462067,
distributed,0,1,50,0.23605444696708952,0.8578,49.847207586933614,10.665247301399065,0.013347655577409356,0.0014989868550441664,0.1276106221934965,0.0567473018942989,nan,nan,nan,nan,nan,nan,14.97538349155933,
distributed,0,1,70,0.23909684763649935,0.8544,68.65473684210527,18.358165001497895,0.01381763211256027,0.0017860608561434642,0.1409810258774619,0.05211648895071412,nan,nan,nan,nan,nan,nan,14.819020803268838,
distributed,0,1,100,0.24089435143419016,0.8513,98.2258064516129,33.25939716831921,0.013847577877603677,0.002740578254344134,0.12859783650406467,0.07428552036243388,nan,nan,nan,nan,nan,nan,14.831567813422414,
distributed,0,2,-1,0.22406643448651686,0.8774,97.52304609218437,43.24750789092373,0.012612040853769152,0.003688065440992013,0.14069294943465924,0.0449272203084639,1e-05,0.0,5.891600018965616e-17,2.1214144164672013e-17,0.0,0.0,15.05048011519518,
distributed,0,2,1,0.2474373464281874,0.8451,1.0,0.0,0.013205059024011584,0.006821468101032297,0.13700847100048694,0.05477713254678476,nan,nan,nan,nan,nan,nan,15.02135300244985,
distributed,0,2,2,0.23656433063293222,0.8515,1.9885057471264367,0.14903269373413638,0.012566424891375393,0.0045322223132458345,0.1449270536969576,0.04974769858547027,nan,nan,nan,nan,nan,nan,14.960491276802387,
distributed,0,2,3,0.2321226860894391,0.8601,2.9834710743801653,0.3085148936749638,0.013425755366503386,0.0035309495051376607,0.14499088345817945,0.05425551939065858,nan,nan,nan,nan,nan,nan,15.131204388791232,
distributed,0,2,5,0.22762519061502695,0.8675,4.979057591623037,0.6322475900481002,0.013541822654619664,0.00285971644698988,0.12770241685793285,0.04731428100440412,nan,nan,nan,nan,nan,nan,15.141706989850272,
distributed,0,2,7,0.22522452533049556,0.8686,6.97489539748954,0.9995917534020515,0.013091068733448967,0.002658208821126182,0.12824870845424075,0.061161992261422535,nan,nan,nan,nan,nan,nan,15.264646844869603,
distributed,0,2,10,0.2249318812061306,0.87,9.96797153024911,1.6421904689366424,0.012767301694671353,0.0022558114863723464,0.13398074197500567,0.05207934734878666,nan,nan,nan,nan,nan,nan,15.03420163457397,
distributed,0,2,20,0.22363970347114148,0.8712,19.9501312335958,4.14095399636364,0.01316463632452319,0.0016021549639286899,0.1245334358181435,0.043100222928615615,nan,nan,nan,nan,nan,nan,15.075560005566707,
distributed,0,2,30,0.2235939637838381,0.875,29.71846846846847,5.544822560916621,0.012563059115654472,0.0023096378480672746,0.11701808858928059,0.045097600198074635,nan,nan,nan,nan,nan,nan,15.101523387772499,
distributed,0,2,50,0.2236209606418135,0.8743,49.27243243243243,11.82317639215452,0.013000130461734575,0.0012008190785212835,0.13375235847932915,0.055738441532743155,nan,nan,nan,nan,nan,nan,14.794701877975294,
distributed,0,2,70,0.22321474904581334,0.8728,68.78299120234604,17.60138045012379,0.012108476982926067,0.003181822115089192,0.12116399291890018,0.05558965220214535,nan,nan,nan,nan,nan,nan,15.11908339503958,
distributed,0,2,100,0.22298993904847655,0.8726,97.8313953488372,31.898275815473163,0.01395664495861195,0.0025589703208603095,0.11717345659739796,0.03942718243017219,nan,nan,nan,nan,nan,nan,15.048030865630704,
distributed,0,3,-1,0.2380448620493153,0.8539,4.275080906148867,1.1926979671966307,0.01320027832202614,0.0038358235350524983,0.1401264877679111,0.04953529660287032,25.745718067784175,3.2010679511475075,2.7470257012696195,0.39576531202117987,1.7194086337909515,0.3674531269522347,15.208454859621712,
distributed,0,3,1,0.24686637218986401,0.8442,1.0,0.0,0.012637765702756782,0.0071358246896630695,0.13811570692600458,0.05977270059794403,nan,nan,nan,nan,nan,nan,15.2261007355049,
distributed,0,3,2,0.23584026314082204,0.8545,1.99009900990099,0.1386483884679505,0.012695842133293328,0.004578343792772728,0.12229484914195843,0.051176429883886994,nan,nan,nan,nan,nan,nan,15.033016987241453,
distributed,0,3,3,0.2362307900734249,0.8539,2.9844357976653697,0.2997334439173632,0.0128204457598725,0.004151965123026168,0.1350997031931688,0.05366248636013173,nan,nan,nan,nan,nan,nan,15.07392283833345,
distributed,0,3,5,0.23797012338599863,0.8538,4.978201634877384,0.6444291185917106,0.013489769770776401,0.00280084437372932,0.13722903450104026,0.05124473299532889,nan,nan,nan,nan,nan,nan,15.266711902598049,
distributed,0,3,7,0.24145055577491467,0.8504,6.972027972027972,1.051939144494025,0.01317403936514446,0.0025326907910224834,0.14790234579544692,0.059573160169125824,nan,nan,nan,nan,nan,nan,14.995564986889905,
distributed,0,3,10,0.24699532895734383,0.8437,9.94718309859155,1.2283802159004742,0.013523322788966525,0.002254764979574196,0.12167988841922196,0.059063004422545695,nan,nan,nan,nan,nan,nan,14.741624361266178,
distributed,0,3,20,0.26553755309263144,0.8247,19.948787061994608,4.190876412148972,0.013146217146559844,0.0012867646900336547,0.13600904300193958,0.060523829280810355,nan,nan,nan,nan,nan,nan,15.085374278061076,
distributed,0,3,30,0.2745978317227761,0.8162,29.73090481786134,6.220843101130979,0.013351899378216977,0.0013239279361434793,0.12690340028121014,0.044239127768416174,nan,nan,nan,nan,nan,nan,15.108686703971811,
distributed,0,3,50,0.29455322111205334,0.7991,49.62923728813559,10.707940978544848,0.01331674026934534,0.00118919067294053,0.1269647346931067,0.04374539845753164,nan,nan,nan,nan,nan,nan,15.181336022155152,
distributed,0,3,70,0.3029294240469749,0.791,68.88761706555671,17.57447644233598,0.013107519302999453,0.0008032511204067034,0.1392041975870206,0.06751209007475266,nan,nan,nan,nan,nan,nan,14.566124733870241,
distributed,0,3,100,0.31415396652130806,0.7791,98.42830712303423,27.417933101449417,0.013327936856964142,0.0015194657854586604,0.09595966689019968,0.06020501606317187,nan,nan,nan,nan,nan,nan,15.101911475481625,
distributed,1,0,-1,0.22320942568140448,0.8732,29.99375780274657,12.754318996372346,0.012627952837113097,0.0021493512721236846,0.12828372972447186,0.05620118375969326,7.221549936768859,2.589133789179082,0.5273443605656672,0.08242843421115624,0.17670689913973367,0.14174326839595405,14.919880968296411,
distributed,1,0,1,0.24690537964171164,0.8424,1.0,0.0,0.013419049019100907,0.007274463871093657,0.13344060695526208,0.058386853035121394,nan,nan,nan,nan,nan,nan,14.832825253410663,
distributed,1,0,2,0.23438086631039953,0.8552,1.989247311827957,0.14430489325798443,0.014128424847183328,0.004517881596297868,0.13588034002664534,0.05231470193730297,nan,nan,nan,nan,nan,nan,15.417167234042532,
distributed,1,0,3,0.22975827030684942,0.8607,2.9847908745247147,0.296424852994897,0.012907341615103986,0.003541631746462067,0.13089710804489668,0.04976409155080875,nan,nan,nan,nan,nan,nan,15.060935182110779,
distributed,1,0,5,0.22661443326944922,0.8671,4.978494623655914,0.6402907926629705,0.013616580714704332,0.003054890187122527,0.13559144921047192,0.06364023015188296,nan,nan,nan,nan,nan,nan,15.34259648542504,
distributed,1,0,7,0.2253625973416617,0.8706,6.973626373626374,0.7411863520384854,0.013560842135296937,0.0026288576052656766,0.1312088147099216,0.05819419515306812,nan,nan,nan,nan,nan,nan,14.800020230657989,
distributed,1,0,10,0.22436033842199507,0.8724,9.970099667774086,1.590162263724676,0.013087959148887945,0.0024500224283357853,0.11800333559503443,0.05038229697786384,nan,nan,nan,nan,nan,nan,15.199298505176435,
distributed,1,0,20,0.2231864040378813,0.8732,19.845654993514916,3.3165305667217964,0.013351306774440514,0.0015348780194644586,0.11306560676788897,0.05191175441729728,nan,nan,nan,nan,nan,nan,14.778909484577818,
distributed,1,0,30,0.22360504245744503,0.8712,29.75390156062425,5.4386645909358275,0.01358210487458925,0.001703717731177294,0.13072835349252634,0.06453178081248805,nan,nan,nan,nan,nan,nan,14.913537547120939,
distributed,1,0,50,0.22276425757464877,0.8738,49.353326063249725,12.673890483983204,0.01363637781527997,0.0021888479665840735,0.14582878136582042,0.05531581440902538,nan,nan,nan,nan,nan,nan,15.0844094470164,
distributed,1,0,70,0.22277100170660558,0.8735,68.95638629283489,17.474552927042225,0.01292075537667599,0.0008014022066514053,0.16477868366829757,0.05114005200530996,nan,nan,nan,nan,nan,nan,14.907221457546479,
distributed,1,0,100,0.22280033025050894,0.8739,97.64467483506127,28.564133493285286,0.012015091147334178,0.002359294424555211,0.13375751819442327,0.04838008038490677,nan,nan,nan,nan,nan,nan,15.10985428965426,
distributed,1,1,-1,0.22774732452518784,0.864,9.253411306042885,2.8464429122786923,0.013176526193057252,0.0028747015299763474,0.13647102982017983,0.050154485804872175,11.653229601205704,2.5571372058014576,1.34293790657179,0.1783534156593284,0.8991079503975931,0.20152449332597966,15.268031784979607,
distributed,1,1,1,0.2463731947076869,0.8446,1.0,0.0,0.012416394574459639,0.007550014182660514,0.1355837027457153,0.054080644561254804,nan,nan,nan,nan,nan,nan,15.244010023978015,
distributed,1,1,2,0.2348672169038177,0.8539,1.9891304347826086,0.14506169422830154,0.012606052414496104,0.004231287763736919,0.1359862518810033,0.04337855938887331,nan,nan,nan,nan,nan,nan,14.966073654365964,
distributed,1,1,3,0.23064709628190225,0.8591,2.9850187265917603,0.23333333333333334,0.013183288803069508,0.004059050405721744,0.12772425010690536,0.049962998215140886,nan,nan,nan,nan,nan,nan,15.005815822051629,
distributed,1,1,5,0.22844849298401187,0.8626,4.978378378378379,0.4714045207910317,0.013387062776609915,0.0029529552615388077,0.13660833816300155,0.047841682352333444,nan,nan,nan,nan,nan,nan,15.203590311319514,
distributed,1,1,7,0.22729071005852297,0.8642,6.975609756097561,0.9860132971832692,0.013109590055881875,0.003090923129395024,0.12107650217647177,0.0518830292514458,nan,nan,nan,nan,nan,nan,15.091221142151955,
distributed,1,1,10,0.22819215585472413,0.8631,9.967391304347826,1.6560139707949761,0.013153929683588113,0.002232320435123755,0.1362180837848617,0.05046163759421735,nan,nan,nan,nan,nan,nan,15.025364604130354,
distributed,1,1,20,0.22947087205574485,0.864,19.94736842105263,4.242640687119285,0.013608451278215994,0.0031456999352897797,0.14617006760393988,0.038833703529632946,nan,nan,nan,nan,nan,nan,15.054402668804812,
distributed,1,1,30,0.23168118844662447,0.8614,29.82217090069284,5.251877970994968,0.01293476933719413,0.0014294692422224787,0.11387346088088224,0.05745570097966748,nan,nan,nan,nan,nan,nan,14.782308015493793,
distributed,1,1,50,0.23511949422229173,0.8587,49.89705882352941,14.38363267359428,0.014057161297104794,0.0036514362201567167,0.12799321985156475,0.04867836570219448,nan,nan,nan,nan,nan,nan,15.004437225587518,
distributed,1,1,70,0.23765431952648702,0.8557,68.8131212723658,19.322509541982377,0.012952081438917556,0.0013475468432141515,0.13698377245741933,0.058162510092412266,nan,nan,nan,nan,nan,nan,15.026462751128987,
distributed,1,1,100,0.24095671545449301,0.8534,99.0910891089109,35.442049727532535,0.013669021140885562,0.0012278572306055895,0.13379477123203237,0.053706604707677456,nan,nan,nan,nan,nan,nan,14.995912005542314,
distributed,1,2,-1,0.22333953210693386,0.8756,97.06054490413723,43.12635682574201,0.013771606362197106,0.0030439752539788137,0.16325955378225473,0.053402264980523105,1e-05,0.0,5.5112387809340457e-17,2.7664343076336795e-17,0.0,0.0,15.29729043484991,
distributed,1,2,1,0.2497812709947363,0.8402,1.0,0.0,0.012968779817772278,0.006804247096071228,0.13346410626190083,0.0578048726894893,nan,nan,nan,nan,nan,nan,15.082587266206334,
distributed,1,2,2,0.23450732636563024,0.8546,1.9895833333333333,0.14210359538237344,0.01268813813577807,0.004720034109532913,0.12922058160592548,0.04730795939170032,nan,nan,nan,nan,nan,nan,14.985234080014253,
distributed,1,2,3,0.23030154595818797,0.8616,2.9846153846153847,0.29806538746827277,0.013894558961997766,0.004406546552568556,0.13166589353894478,0.05265973034826006,nan,nan,nan,nan,nan,nan,15.188584932248796,
distributed,1,2,5,0.2277393015441705,0.8629,4.977591036414566,0.6529520705650951,0.013729905058045916,0.0028172338409121886,0.1391808034779814,0.0495862419957374,nan,nan,nan,nan,nan,nan,15.029110135010777,
distributed,1,2,7,0.22633293150904535,0.8725,6.975257731958763,0.9927329682651321,0.013548536384958312,0.0027604876349323895,0.1238944842417844,0.0620215998864771,nan,nan,nan,nan,nan,nan,15.307526646070285,
distributed,1,2,10,0.22528035662517024,0.8704,9.968531468531468,1.6287068520047763,0.01281899388484853,0.001973061562770067,0.1342115969667324,0.051521815552441175,nan,nan,nan,nan,nan,nan,15.206040617922634,
distributed,1,2,20,0.22373727906046426,0.8717,19.9501312335958,4.14095399636364,0.01335173742015092,0.0018197823146883473,0.12430398103594542,0.0448278434308372,nan,nan,nan,nan,nan,nan,15.040808754589932,
distributed,1,2,30,0.22356452394760756,0.8761,29.93569844789357,7.019782315000943,0.012785478385566856,0.0014717199236919823,0.10839429275702483,0.05948654330993298,nan,nan,nan,nan,nan,nan,15.19389688355414,
distributed,1,2,50,0.22356452394760756,0.8761,49.891352549889135,14.7,0.013717641266961053,0.0012739552139435712,0.13846880620403734,0.045183977949703975,nan,nan,nan,nan,nan,nan,14.999173069749832,
distributed,1,2,70,0.22288146156916894,0.8744,68.81658536585365,17.451607196759845,0.013169950026973411,0.0008641186864054619,0.11271566938650943,0.06284909207137349,nan,nan,nan,nan,nan,nan,15.231503658167293,
distributed,1,2,100,0.223559833762632,0.8748,98.67004608294931,27.31744965320803,0.012805669761804327,0.0007375224724712676,0.11080234230736637,0.049725217950054953,nan,nan,nan,nan,nan,nan,15.054199464960643,
distributed,1,3,-1,0.23732896812493984,0.8554,4.2784810126582276,1.2795001998638051,0.013312257205310617,0.003534486966362445,0.131650827364078,0.053941417437785195,25.77175810645029,3.5962731939643193,2.7380889777120343,0.418621460350079,1.7319198032553926,0.39471218895075555,15.065968868331254,
distributed,1,3,1,0.24457486412231957,0.8453,1.0,0.0,0.013065282824302093,0.0073044700015724795,0.12359399971773036,0.05655298433973081,nan,nan,nan,nan,nan,nan,15.032521079623566,
distributed,1,3,2,0.23679249804091126,0.854,1.9895833333333333,0.14210359538237344,0.012641456191708185,0.004704692431048596,0.12967146261454857,0.05050475330976221,nan,nan,nan,nan,nan,nan,14.997585409560067,
distributed,1,3,3,0.23604753341277007,0.8547,2.984126984126984,0.23995385946318987,0.012966155580963782,0.003931124158425552,0.13861806257753898,0.052799604254975506,nan,nan,nan,nan,nan,nan,15.066426961488185,
distributed,1,3,5,0.23771622996943023,0.854,4.978201634877384,0.6444291185917106,0.01336698655094816,0.0031392762368809305,0.1319628459527963,0.04831961121880552,nan,nan,nan,nan,nan,nan,14.796291282710532,
distributed,1,3,7,0.2414398129276485,0.8501,6.9737417943107225,1.0210526194917653,0.013052373002857795,0.002501692546137992,0.13460457216266095,0.06345095256201684,nan,nan,nan,nan,nan,nan,14.953653216826979,
distributed,1,3,10,0.24725532370434453,0.8436,9.968531468531468,1.6287068520047763,0.013077444371934446,0.002921009694450705,0.12938958610551785,0.05782690368536061,nan,nan,nan,nan,nan,nan,15.157267482371008,
distributed,1,3,20,0.264315174406576,0.8255,19.9501312335958,4.14095399636364,0.01367332245411651,0.0018547535574285597,0.12345107634220572,0.05194007713729651,nan,nan,nan,nan,nan,nan,15.211455445852284,
distributed,1,3,30,0.27707872381208537,0.8131,29.75390156062425,5.4386645909358275,0.013460317578818845,0.002175718202985385,0.13546671797138046,0.041934006627814074,nan,nan,nan,nan,nan,nan,14.863648237686451,
distributed,1,3,50,0.29116355399981775,0.8015,49.31545064377682,11.248999955551605,0.012618013233558517,0.0010049052512376214,0.13575354426824943,0.07083120611943353,nan,nan,nan,nan,nan,nan,14.601915751488386,
distributed,1,3,70,0.2968349355111224,0.7963,69.2296072507553,21.09048585855717,0.012844960146890235,0.0021788832499190732,0.12122490786809219,0.05242489894769018,nan,nan,nan,nan,nan,nan,15.06045946609476,
distributed,1,3,100,0.31162765979286533,0.7828,97.53561253561253,29.303370113350443,0.01197784007860521,0.0028700967320206224,0.1071106843597473,0.05484918801298349,nan,nan,nan,nan,nan,nan,14.848156258134216,
Type,Simulation,case,tau_setup,lossValue,predictionAccuracy,avg_tau,stddev_tau,avg_each_local,stddev_each_local,avg_each_global,stddev_each_global,avg_betaAdapt,stddev_betaAdapt,avg_deltaAdapt,stddev_deltaAdapt,avg_rhoAdapt,stddev_rhoAdapt,total_time_recomputed
Type,Simulation,case,tau_setup,lossValue,predictionAccuracy,avg_tau,stddev_tau,avg_each_local,stddev_each_local,avg_each_global,stddev_each_global,avg_betaAdapt,stddev_betaAdapt,avg_deltaAdapt,stddev_deltaAdapt,avg_rhoAdapt,stddev_rhoAdapt,total_time_recomputed
distributed,0,0,-1,0.22312894122780483,0.8733,26.551856594110117,10.719479071106031,0.013310904241305101,0.0029988413883949593,0.13344372881712663,0.056956794326638145,8.029248266262151,4.372282141983878,0.5434928150462793,0.08917128515623604,0.17788728609871127,0.1532038400831148,14.788183603971586,
distributed,0,0,1,0.24676284326748552,0.8424,1.0,0.0,0.013331705613740558,0.00642643230562556,0.1350320360828186,0.050544592116531305,nan,nan,nan,nan,nan,nan,14.98473791135248,
distributed,0,0,2,0.23391974845573368,0.8576,1.9895833333333333,0.14210359538237344,0.01326400903400605,0.004437056490528722,0.12989871379692022,0.05633383809764776,nan,nan,nan,nan,nan,nan,15.136041652719953,
distributed,0,0,3,0.2295101638335024,0.8611,2.985294117647059,0.2916610405434508,0.012562500586928736,0.004061652662156285,0.12554798184656613,0.0524587964383858,nan,nan,nan,nan,nan,nan,14.98481980093504,
distributed,0,0,5,0.22624560509239003,0.8672,4.979591836734694,0.6244997998398398,0.013232640602762847,0.0030598764985243273,0.12463588968897346,0.055497201409312504,nan,nan,nan,nan,nan,nan,15.13629330013159,
distributed,0,0,7,0.22549854238456207,0.8696,6.973333333333334,1.02851895445316,0.01282711903167593,0.0025961174627423104,0.13892677285854754,0.052146639931006517,nan,nan,nan,nan,nan,nan,14.918378533529967,
distributed,0,0,10,0.2244310442589565,0.8696,9.966789667896679,1.670191850155703,0.012882945322390451,0.002037031658272456,0.14451793168160784,0.05089171816657037,nan,nan,nan,nan,nan,nan,15.10296365409646,
distributed,0,0,20,0.22332651339856793,0.8723,19.870440251572326,3.051413497177251,0.012294298657058014,0.0016668574981003198,0.12962272242183012,0.054382423772968945,nan,nan,nan,nan,nan,nan,15.176550379699679,
distributed,0,0,30,0.22297538263509117,0.8732,29.775943396226417,6.5316324316530725,0.013183266322511787,0.0012691646629730373,0.13440904340927087,0.05935908413689308,nan,nan,nan,nan,nan,nan,15.06370756979423,
distributed,0,0,50,0.22303043199411254,0.8738,49.29533116178067,12.224872187470918,0.013040844109073673,0.00112126074181377,0.13302015811277937,0.05076408902199405,nan,nan,nan,nan,nan,nan,14.903704160960626,
distributed,0,0,70,0.2226678709267618,0.8744,69.72560975609755,22.491665122884967,0.012544417264158952,0.0013421439509253982,0.13229923021475426,0.03526953639399942,nan,nan,nan,nan,nan,nan,14.896008604121183,
distributed,0,0,100,0.2226155354295665,0.8742,98.45436702649657,33.905403535260994,0.01307329517369371,0.0004241813969465408,0.13345482895415448,0.05109206830219065,nan,nan,nan,nan,nan,nan,15.009352740062397,
distributed,0,1,-1,0.22778984999982854,0.8638,9.011560693641618,2.7048404961060086,0.013444085232814866,0.003060203740529539,0.12717459753202665,0.04940724276999163,11.739645005242995,2.8939135575562367,1.3333395001053159,0.17342938282002782,0.9019552231146843,0.2021615938963741,14.974695721997797,
distributed,0,1,1,0.24598154392571145,0.8446,1.0,0.0,0.013400609431067802,0.0071864788665541805,0.12945700545695055,0.052324640452851005,nan,nan,nan,nan,nan,nan,15.000049563241936,
distributed,0,1,2,0.23466415999399687,0.8554,1.9891304347826086,0.14506169422830154,0.013592809002101554,0.0050166808353649,0.1333872443359636,0.05220129264787247,nan,nan,nan,nan,nan,nan,14.90162526419831,
distributed,0,1,3,0.2317589783816892,0.8569,2.9834710743801653,0.3085148936749638,0.01235260184531184,0.003592483943895068,0.14970498460543755,0.06106544577187713,nan,nan,nan,nan,nan,nan,15.269278070979572,
distributed,0,1,5,0.22875508148180368,0.8615,4.977777777777778,0.47768755545651215,0.013414210616508137,0.0030082084854702626,0.1390245911424718,0.05437499125448401,nan,nan,nan,nan,nan,nan,14.998303302487034,
distributed,0,1,7,0.2277957915452514,0.8632,6.9737417943107225,1.0210526194917653,0.013055968143223285,0.0030055496459308194,0.13694959186470848,0.05784787773733281,nan,nan,nan,nan,nan,nan,15.168508469618159,
distributed,0,1,10,0.22756090681735464,0.8639,9.970099667774086,1.590162263724676,0.012494184809480556,0.00226185433215935,0.12665011468425197,0.04757108065105211,nan,nan,nan,nan,nan,nan,15.311618455526663,
distributed,0,1,20,0.2302102212513936,0.8632,19.948787061994608,4.190876412148972,0.013731510552920611,0.001975006777773854,0.13952155905140057,0.04530563150319222,nan,nan,nan,nan,nan,nan,15.457070897877731,
distributed,0,1,30,0.23119429662580618,0.8625,29.817966903073287,6.754751414128182,0.012962860316706947,0.0011794297035520392,0.1344865713797798,0.05500884044647652,nan,nan,nan,nan,nan,nan,14.946948059707603,
distributed,0,1,50,0.23476653609994447,0.858,49.35500515995872,12.174468656776359,0.01296020766839602,0.0009581049093656847,0.12849894617177923,0.03847126163459531,nan,nan,nan,nan,nan,nan,15.167147989604045,
distributed,0,1,70,0.23893121821725605,0.8542,69.85947046843177,22.819605057932094,0.01321978384428992,0.003686695304977339,0.12514320089674508,0.052145509822385895,nan,nan,nan,nan,nan,nan,15.003302625048052,
distributed,0,1,100,0.24297159804700375,0.8514,99.80239520958084,36.89512162874653,0.01193122722721647,0.002995090749804587,0.16369259892560567,0.04597499090786825,nan,nan,nan,nan,nan,nan,15.075606117110507,
distributed,0,2,-1,0.22293262197870606,0.8743,96.80459770114942,43.51367601111172,0.013150694234629815,0.0017347287478391947,0.11695136049953456,0.0590850188534208,1e-05,0.0,5.698409592245438e-17,2.119576062382024e-17,0.0,0.0,15.277956269834911,
distributed,0,2,1,0.24704780045187366,0.8438,1.0,0.0,0.012417022196667122,0.00749854820842113,0.13081375673958381,0.05288669330965313,nan,nan,nan,nan,nan,nan,15.182462567242595,
distributed,0,2,2,0.23427206330474726,0.856,1.9894736842105263,0.1428261375083551,0.0134566871136382,0.004935473161787268,0.12943956466984444,0.055090603316582186,nan,nan,nan,nan,nan,nan,14.976502704524211,
distributed,0,2,3,0.23003701656038206,0.8626,2.9847908745247147,0.296424852994897,0.01335983623273474,0.003751908725318915,0.129327302481368,0.04375542587399432,nan,nan,nan,nan,nan,nan,15.017067760800963,
distributed,0,2,5,0.22762519061502695,0.8675,4.979057591623037,0.6322475900481002,0.012990326923893973,0.003506802335623977,0.1323302630033973,0.05193687274449258,nan,nan,nan,nan,nan,nan,15.244974337287134,
distributed,0,2,7,0.22605900592586203,0.868,6.971896955503513,0.7642166284182021,0.012946736899620831,0.0021874355448821244,0.14816430132753117,0.05300769628554339,nan,nan,nan,nan,nan,nan,14.684838873713886,
distributed,0,2,10,0.22462722392638515,0.8708,9.967391304347826,1.6560139707949761,0.012704239046779954,0.002188890085382395,0.13918817246066764,0.05641542439264913,nan,nan,nan,nan,nan,nan,15.005680276927976,
distributed,0,2,20,0.22363970347114148,0.8712,19.9501312335958,4.14095399636364,0.012704588279173406,0.0018156868769425532,0.13407350172622512,0.043429871483125666,nan,nan,nan,nan,nan,nan,15.003926262909767,
distributed,0,2,30,0.2235939637838381,0.875,29.71331828442438,5.689686161470154,0.012768183595444176,0.0014165747550791774,0.12137449061158728,0.061510587850277805,nan,nan,nan,nan,nan,nan,15.25346682021633,
distributed,0,2,50,0.22290707187029069,0.8735,49.75395987328405,10.66899714124997,0.012838384884215228,0.0007110545115359103,0.14359246485237515,0.05230042105808744,nan,nan,nan,nan,nan,nan,15.024671554408986,
distributed,0,2,70,0.22337335740658404,0.8722,69.85947046843177,22.819605057932094,0.012710035140319093,0.002579557760307892,0.1286759381063596,0.05249580589372305,nan,nan,nan,nan,nan,nan,14.882086436127134,
distributed,0,2,100,0.22317062203765597,0.8738,98.85982230997038,34.91766108369167,0.012981695047708082,0.001403630349486551,0.1232308874887752,0.03978339887344082,nan,nan,nan,nan,nan,nan,14.949012167367544,
distributed,0,3,-1,0.23699528635509598,0.8558,4.162079510703364,1.1008647120272552,0.013202885230551773,0.004213057358909267,0.12695690553855274,0.048281836435697605,25.587903531320762,3.1703530849977355,2.7134544443392445,0.39939817135010824,1.707330981540315,0.35034556420615354,15.128884710704892,
distributed,0,3,1,0.2459624322876299,0.8455,1.0,0.0,0.01205859564766774,0.005353334997194938,0.13014091549202372,0.054985920368812786,nan,nan,nan,nan,nan,nan,14.930948669667604,
distributed,0,3,2,0.23784343279102535,0.8537,1.988888888888889,0.14661169301237728,0.013845791971344577,0.004615380305204523,0.1374233859941701,0.05377339338384302,nan,nan,nan,nan,nan,nan,15.002811520652635,
distributed,0,3,3,0.23570251244947124,0.8545,2.9846153846153847,0.29806538746827277,0.013013303933422406,0.004149031485309499,0.13328325094496038,0.05659387027111022,nan,nan,nan,nan,nan,nan,15.116981437857751,
distributed,0,3,5,0.23767379452351137,0.8556,4.979057591623037,0.6322475900481002,0.012654697430327865,0.0031399186751042262,0.13225246808580401,0.054356527830758915,nan,nan,nan,nan,nan,nan,15.15818762001992,
distributed,0,3,7,0.24103385292229668,0.8507,6.964523281596453,0.9468181696950299,0.013109337359183095,0.0026930809563640882,0.1391107714708777,0.05485928167366258,nan,nan,nan,nan,nan,nan,15.049528985028008,
distributed,0,3,10,0.24684515493181933,0.8448,9.969072164948454,1.6155494421403511,0.01302899932477057,0.0019990979683744566,0.12832960115683564,0.05310503060835854,nan,nan,nan,nan,nan,nan,15.320978735841523,
distributed,0,3,20,0.262407511650366,0.8263,19.865710560625814,3.639282209447352,0.013057781293960536,0.001621509688014293,0.13151544616314464,0.04181899857155344,nan,nan,nan,nan,nan,nan,15.214238686039444,
distributed,0,3,30,0.2753642610226634,0.815,29.707259953161593,5.942689252817747,0.013328232001357814,0.0011448557002303184,0.12076070800561232,0.062103859719696765,nan,nan,nan,nan,nan,nan,14.951098369418293,
distributed,0,3,50,0.29101877269161813,0.8026,49.28417653390743,11.47377444435788,0.013079748323216869,0.0016361848007408447,0.10573690240912137,0.05761317715056198,nan,nan,nan,nan,nan,nan,14.556066906960167,
distributed,0,3,70,0.30141046013528916,0.7929,69.85947046843177,22.819605057932094,0.012478406048413961,0.002858681243361519,0.13099781702200972,0.047735630587832575,nan,nan,nan,nan,nan,nan,15.037489709143166,
distributed,0,3,100,0.30469205222697393,0.7888,98.51669941060904,34.07059664220097,0.012557708180150525,0.002243386899509893,0.11429944102823701,0.07068083608083053,nan,nan,nan,nan,nan,nan,14.893453747223242,
distributed,1,0,-1,0.2230903698001791,0.8727,30.16,12.919847095828644,0.01272552298337641,0.0023112672592636614,0.1269772088619733,0.050771824866929126,7.494576007610027,3.857878475776984,0.5283519340408378,0.10192536954628384,0.18531314758807677,0.1566960542070621,14.842422178188384,
distributed,1,0,1,0.24504848287690228,0.8443,1.0,0.0,0.01354206098566714,0.007398166561567087,0.12608615565777484,0.05573049885557572,nan,nan,nan,nan,nan,nan,15.219475614135174,
distributed,1,0,2,0.23435317257008725,0.8557,1.9891304347826086,0.14506169422830154,0.01307486725623515,0.004807548897815323,0.1376743694463632,0.052858444335411696,nan,nan,nan,nan,nan,nan,15.21071003508978,
distributed,1,0,3,0.2293807916320708,0.8621,2.985294117647059,0.2916610405434508,0.013198176738905023,0.0037687063271595353,0.12431950821520368,0.05260940702886617,nan,nan,nan,nan,nan,nan,15.006982710428538,
distributed,1,0,5,0.2268687707326802,0.8671,4.9779005524861875,0.6486486486486487,0.013662901879459939,0.0036438863709783746,0.13632962415411323,0.047846641073137554,nan,nan,nan,nan,nan,nan,15.02889037325813,
distributed,1,0,7,0.2249847932397524,0.8707,6.963114754098361,0.7859609255382369,0.013198102838696728,0.002788691790940674,0.11990098804733612,0.05115819231061416,nan,nan,nan,nan,nan,nan,14.930258815300805,
distributed,1,0,10,0.22460943625838364,0.87,9.966165413533835,1.6847394776160547,0.012947136372462526,0.0021803396703395676,0.14664270555216782,0.053995257840863994,nan,nan,nan,nan,nan,nan,14.885907204969973,
distributed,1,0,20,0.22319493786518094,0.8732,19.875661375661377,3.0852451559939005,0.012742640228760031,0.0014782964951868716,0.1405212362879554,0.043461017328483294,nan,nan,nan,nan,nan,nan,15.152377747168163,
distributed,1,0,30,0.22335963109632734,0.8711,29.78009259259259,5.3128774375724745,0.013128096231088578,0.0014307205756371273,0.12442018721460676,0.04224980617675736,nan,nan,nan,nan,nan,nan,15.156694484969272,
distributed,1,0,50,0.2227145568980377,0.8737,49.35500515995872,12.174468656776359,0.012722652033428311,0.00097106028841774,0.12438894135947269,0.03656217095576401,nan,nan,nan,nan,nan,nan,15.025318460796358,
distributed,1,0,70,0.22272606745033724,0.873,68.93206793206794,19.962366937565296,0.012833179560498868,0.0011024956532253972,0.11665056489108179,0.046981728445733235,nan,nan,nan,nan,nan,nan,14.939839019465762,
distributed,1,0,100,0.22280033025050894,0.8739,98.71625615763547,34.5746977170043,0.013354704079150752,0.0005603978192312069,0.1151989151846813,0.033369347307051496,nan,nan,nan,nan,nan,nan,14.868597884688665,
distributed,1,1,-1,0.2280476207095508,0.8625,8.967806841046277,2.9174413181411514,0.013056852355851025,0.002943897973114055,0.13296490293463895,0.05277979634815629,12.393337894441567,3.101716475612183,1.3573228359765803,0.1859205501772219,0.9215929989522018,0.21668605540025018,14.927898406915771,
distributed,1,1,1,0.24614396658420493,0.8449,1.0,0.0,0.013881582683409168,0.006311855034017314,0.13197652687722988,0.05170713227000626,nan,nan,nan,nan,nan,nan,15.169243394306465,
distributed,1,1,2,0.23367821757563037,0.8563,1.99,0.13931927999475532,0.013381613641075771,0.004831599314583758,0.12211958028480954,0.048008034638935604,nan,nan,nan,nan,nan,nan,15.012037544033907,
distributed,1,1,3,0.23064119379122108,0.8591,2.9849624060150375,0.29481109247603554,0.013311142084114753,0.003910374498727746,0.1271177844795598,0.056751888664507213,nan,nan,nan,nan,nan,nan,14.990479059277439,
distributed,1,1,5,0.22838903325630272,0.8613,4.978666666666666,0.46835451922520227,0.013551405515097975,0.003659961581885744,0.12863637204030004,0.05185326798241408,nan,nan,nan,nan,nan,nan,14.908851935375436,
distributed,1,1,7,0.22791852603486693,0.8625,6.974025974025974,0.7357467190367903,0.014161540849502746,0.0027247523468870694,0.13009891859866282,0.04788553833695669,nan,nan,nan,nan,nan,nan,15.212931006378806,
distributed,1,1,10,0.22754001743503663,0.8645,9.968531468531468,1.6287068520047763,0.013010597436464471,0.0024759610894446132,0.13102374990439147,0.046457472853107626,nan,nan,nan,nan,nan,nan,15.116451255336747,
distributed,1,1,20,0.22947087205574485,0.864,19.95140664961637,4.092767230737295,0.012239502862207855,0.002635282617934359,0.12737216480843844,0.05743153276477311,nan,nan,nan,nan,nan,nan,15.12734139778789,
distributed,1,1,30,0.23199903601555782,0.8614,29.772182254196643,5.398947358537735,0.013462730728996428,0.0012871666659600726,0.13828015016153536,0.05027139379149713,nan,nan,nan,nan,nan,nan,15.11360007721866,
distributed,1,1,50,0.23524720371920593,0.858,49.330117899249736,11.181569657252956,0.012649911332167177,0.001283701325766873,0.14528180281900918,0.055097630720781464,nan,nan,nan,nan,nan,nan,14.932775163822111,
distributed,1,1,70,0.23943852490428083,0.8547,69.85947046843177,22.819605057932094,0.012837311906066441,0.001656149306568433,0.14286909298288264,0.047260346765395096,nan,nan,nan,nan,nan,nan,15.118366562200308,
distributed,1,1,100,0.24373932032077006,0.8515,99.80239520958084,36.89512162874653,0.013477498204597113,0.0020219143132860313,0.12819836405561366,0.03574307776764772,nan,nan,nan,nan,nan,nan,14.929688107932646,
distributed,1,2,-1,0.2238879192609612,0.8757,97.38152610441767,43.20525289303398,0.012017103049641367,0.003922763306088808,0.1205038820344632,0.06355402166261935,1e-05,0.0,5.561207534900426e-17,2.726143047350296e-17,0.0,0.0,14.936687147641871,
distributed,1,2,1,0.2497812709947363,0.8402,1.0,0.0,0.012867938620204494,0.006589606936458311,0.1342350459768955,0.05293312918262343,nan,nan,nan,nan,nan,nan,15.151607413501303,
distributed,1,2,2,0.23614599065975367,0.8539,1.988888888888889,0.14661169301237728,0.013047162859070807,0.004799274525988979,0.13963557239510413,0.05853040956391365,nan,nan,nan,nan,nan,nan,15.041065425521515,
distributed,1,2,3,0.2301538311178999,0.8621,2.9854545454545454,0.29012338845660307,0.013270677462220805,0.0042314607500649835,0.12227169752618978,0.044269707735638014,nan,nan,nan,nan,nan,nan,15.025292269948652,
distributed,1,2,5,0.2277393015441705,0.8629,4.978494623655914,0.6402907926629705,0.013154233376619374,0.002973274860746475,0.13423953146854467,0.05148329007556153,nan,nan,nan,nan,nan,nan,15.136365843932069,
distributed,1,2,7,0.22597772288250412,0.8705,6.974137931034483,1.013746349389064,0.012924777872128883,0.0028606870833846948,0.13050174816176735,0.04795869661249733,nan,nan,nan,nan,nan,nan,14.896920698122164,
distributed,1,2,10,0.22465680692551648,0.8689,9.94718309859155,1.2283802159004742,0.013332914607639627,0.001878175478153133,0.130118707846476,0.05426144353163407,nan,nan,nan,nan,nan,nan,15.08143843395484,
distributed,1,2,20,0.22373727906046426,0.8717,19.845654993514916,3.3165305667217964,0.013313748029902988,0.0016851706619169457,0.12566687053094625,0.051101297191627176,nan,nan,nan,nan,nan,nan,15.191650903390137,
distributed,1,2,30,0.22390581120113595,0.8714,29.928571428571427,7.3484692283495345,0.012879798964967023,0.00245139579123285,0.15173314751288094,0.047450289784726825,nan,nan,nan,nan,nan,nan,15.153797501545199,
distributed,1,2,50,0.22290439149206165,0.8743,49.35500515995872,12.174468656776359,0.012825038104269472,0.0011268247715553118,0.11651784904986198,0.053679881637984775,nan,nan,nan,nan,nan,nan,15.050793612822682,
distributed,1,2,70,0.22359635641309944,0.8721,69.3641975308642,17.19767426136453,0.013045389091459723,0.0012293180747567224,0.13883940732931438,0.05106951941471602,nan,nan,nan,nan,nan,nan,15.035254648852614,
distributed,1,2,100,0.22356452394760754,0.8761,98.2258064516129,33.25939716831921,0.013552835813441055,0.0015687190373513628,0.13484263370331,0.044233250239578394,nan,nan,nan,nan,nan,nan,15.10317921716683,
distributed,1,3,-1,0.23723789188966704,0.8542,4.333333333333333,1.2115131284293426,0.012760511552918852,0.004201140006614844,0.13308804794929222,0.054325279735051885,25.402687397139523,3.3468205207696564,2.7273577686918253,0.4088669152372675,1.701738700779418,0.38680821367706636,14.950486032173528,
distributed,1,3,1,0.24585715636084807,0.8453,1.0,0.0,0.013572075916117761,0.006873576660496686,0.12871125641305636,0.055325127508804146,nan,nan,nan,nan,nan,nan,14.939749894563285,
distributed,1,3,2,0.23679249804091126,0.854,1.9895833333333333,0.14210359538237344,0.013452530007285805,0.00471943790785364,0.12728347727113143,0.05227480366639439,nan,nan,nan,nan,nan,nan,14.937256215407086,
distributed,1,3,3,0.2349330751990774,0.8565,2.9851301115241635,0.29322338602475456,0.012329288652118055,0.0039876012762728175,0.128198218207136,0.05328224152889852,nan,nan,nan,nan,nan,nan,15.010815199298262,
distributed,1,3,5,0.237042156465805,0.8551,4.979057591623037,0.6322475900481002,0.012843124750089854,0.0032341897474629446,0.13245649474399418,0.05296857441668152,nan,nan,nan,nan,nan,nan,15.250534324890507,
distributed,1,3,7,0.24156672917291144,0.8504,6.972911963882619,1.0361512763373992,0.013602767284143346,0.0024568434391545736,0.14046470845601053,0.04891520587149256,nan,nan,nan,nan,nan,nan,15.114547082545823,
distributed,1,3,10,0.24796824458947436,0.8434,9.944237918215613,1.2604603645408738,0.013459354191515,0.002532709365066669,0.14278262250762738,0.04694860372211088,nan,nan,nan,nan,nan,nan,14.994323439555684,
distributed,1,3,20,0.2649294145306125,0.8249,19.94736842105263,4.242640687119285,0.012914528378714105,0.0023617002664627447,0.14831076088118034,0.05639107301007026,nan,nan,nan,nan,nan,nan,15.01038464403165,
distributed,1,3,30,0.27385712546184404,0.8185,29.740068104426786,6.126485039450078,0.01253694303288255,0.0016836148337107896,0.12159627057737755,0.05002650351062949,nan,nan,nan,nan,nan,nan,15.02665224866398,
distributed,1,3,50,0.29534925017249347,0.7976,49.89684210526316,10.670051546267244,0.013686184697808223,0.0015188404211763393,0.12053521647993407,0.05557519176872341,nan,nan,nan,nan,nan,nan,15.127260405164934,
distributed,1,3,70,0.3042772914391035,0.7893,69.11789038262668,17.316145324202175,0.013558760700726254,0.001627761443608165,0.1425628505507834,0.05232593505709836,nan,nan,nan,nan,nan,nan,14.869468046055387,
distributed,1,3,100,0.30732094049010883,0.7867,98.07602339181287,32.79100486413919,0.013180141361281495,0.001227122563440746,0.15392472258256854,0.043813136318696766,nan,nan,nan,nan,nan,nan,14.996059581669588,
Type,Simulation,case,tau_setup,lossValue,predictionAccuracy,avg_tau,stddev_tau,avg_each_local,stddev_each_local,avg_each_global,stddev_each_global,avg_betaAdapt,stddev_betaAdapt,avg_deltaAdapt,stddev_deltaAdapt,avg_rhoAdapt,stddev_rhoAdapt,total_time_recomputed
distributed,0,0,-1,0.2231445668330305,0.8731,28.63888888888889,12.443297250217407,0.01322869422066931,0.002579992277528396,0.12413700021570034,0.04963425800598707,8.05623047987424,4.39364065681392,0.5571970029446811,0.09440893822014573,0.1961789463586357,0.15040767659087467,15.141126530789725,
distributed,0,0,1,0.24841938478512227,0.8432,1.0,0.0,0.014285596443305033,0.0070747749070900565,0.1470296008043088,0.05325142061930421,nan,nan,nan,nan,nan,nan,15.324943738523313,
distributed,0,0,2,0.2337808970105441,0.8573,1.9896907216494846,0.14139190265868384,0.013290464618252179,0.004916202092891851,0.1275012173180609,0.054411972604199076,nan,nan,nan,nan,nan,nan,15.07838440096802,
distributed,0,0,3,0.2306519435975258,0.8611,2.983673469387755,0.30669691714115316,0.012913639641358924,0.003794395515599522,0.14278079907306598,0.04822248150108749,nan,nan,nan,nan,nan,nan,15.028644874263808,
distributed,0,0,5,0.22672261489323825,0.8665,4.978201634877384,0.6444291185917106,0.013303353892213654,0.0035446347261269906,0.13102298075649904,0.06218048471026483,nan,nan,nan,nan,nan,nan,14.7704756878282,
distributed,0,0,7,0.22549854238456207,0.8696,6.964757709251101,0.7690046994211831,0.01324794925174553,0.002790917779716515,0.1360290129949025,0.05025118199879993,nan,nan,nan,nan,nan,nan,15.002273244853015,
distributed,0,0,10,0.22426872860767663,0.8714,9.96797153024911,1.6421904689366424,0.01298732560467167,0.002451626904949125,0.13788974265303086,0.04752976858969075,nan,nan,nan,nan,nan,nan,15.184009424904408,
distributed,0,0,20,0.22332651339856793,0.8723,19.9501312335958,4.14095399636364,0.0132948612559663,0.0016910143751399283,0.13155935743217756,0.039823108888671216,nan,nan,nan,nan,nan,nan,15.33236428379263,
distributed,0,0,30,0.22301135553241533,0.8728,29.721071863581,6.31966524798673,0.013481838504279637,0.0010736791642047643,0.14192252223054666,0.04650477199462154,nan,nan,nan,nan,nan,nan,15.150310967533324,
distributed,0,0,50,0.22303043199411254,0.8738,49.2740021574973,11.6416278930397,0.013129182909889497,0.0015044734537651698,0.1519268869900596,0.051400563077597154,nan,nan,nan,nan,nan,nan,15.179723960605074,
distributed,0,0,70,0.2226678709267618,0.8744,69.85947046843177,22.819605057932094,0.013441003345509722,0.0010873951074719607,0.13518665417749087,0.05641891235762225,nan,nan,nan,nan,nan,nan,15.015343341200474,
distributed,0,0,100,0.22268616145086367,0.8748,98.78698224852072,34.74550330618338,0.013655222182183463,0.0017175641414493579,0.13354728880048913,0.0481740876726541,nan,nan,nan,nan,nan,nan,15.163491540766223,
distributed,0,1,-1,0.22749913762175084,0.8653,8.477582846003898,2.7844197005270326,0.012472858168309876,0.003479779737346882,0.11793814211913939,0.054268985965926136,12.250665702690476,3.180097665539945,1.3389160149961947,0.18565336437508742,0.9172631149258538,0.2030112037124802,14.772950389853403,
distributed,0,1,1,0.24736437845711595,0.8464,1.0,0.0,0.012756862379077957,0.006933126469026642,0.134884260991552,0.05819405563885461,nan,nan,nan,nan,nan,nan,14.764112337062992,
distributed,0,1,2,0.23368475123005855,0.855,1.9898989898989898,0.13999999999999999,0.013138030131216503,0.004836822319046077,0.12663225089029853,0.05178063092166097,nan,nan,nan,nan,nan,nan,15.243252928700148,
distributed,0,1,3,0.23035437082125343,0.8599,2.9851851851851854,0.2320737591422294,0.011579237642675754,0.003707060063503448,0.12992295843853727,0.05491626036129696,nan,nan,nan,nan,nan,nan,14.94060152727483,
distributed,0,1,5,0.22809516507838018,0.8629,4.979591836734694,0.6244997998398398,0.01248742369973169,0.003122210402472513,0.12683266296387158,0.054896504998683246,nan,nan,nan,nan,nan,nan,15.116138968699628,
distributed,0,1,7,0.22790975439163513,0.8633,6.973333333333334,1.02851895445316,0.012531637300357064,0.002874592054917826,0.14432300223123914,0.048025597266678294,nan,nan,nan,nan,nan,nan,15.084677996230733,
distributed,0,1,10,0.22769032773455766,0.8645,9.968531468531468,1.6287068520047763,0.01329034068862702,0.002611514150488215,0.12821253424908785,0.05948281236374044,nan,nan,nan,nan,nan,nan,15.082737816543078,
distributed,0,1,20,0.22974082335373117,0.8637,19.847277556440904,3.2277152843160586,0.013143271434154228,0.001557635928862959,0.1326397562197125,0.043078365251126315,nan,nan,nan,nan,nan,nan,15.125919701732702,
distributed,0,1,30,0.2320258413351333,0.8619,29.931116389548695,7.233870947762953,0.01276591723115882,0.0017224664253057164,0.13826086397569742,0.047779244908993955,nan,nan,nan,nan,nan,nan,15.164388163983892,
distributed,0,1,50,0.23536500465275165,0.8588,49.891352549889135,14.7,0.012927417095045399,0.0018767834385265449,0.14038473557617417,0.05375036941565163,nan,nan,nan,nan,nan,nan,14.898381262279582,
distributed,0,1,70,0.23753307749163258,0.855,69.27620967741936,21.239703387759445,0.012910569781707685,0.0011671657417397455,0.15404916731468793,0.042509197181425123,nan,nan,nan,nan,nan,nan,15.01599389467847,
distributed,0,1,100,0.24047957054501956,0.8528,98.03018500486854,32.638061455232844,0.013145502701618753,0.000983286476152447,0.13008255541915356,0.029013746653991666,nan,nan,nan,nan,nan,nan,14.962751073685956,
distributed,0,2,-1,0.22316720439028487,0.8731,96.64598168870803,43.0799565118307,0.01361617914277245,0.003423299062472466,0.14561909758149644,0.04591668016388894,1e-05,0.0,5.855359102203674e-17,2.133257169051152e-17,0.0,0.0,14.834337909071396,
distributed,0,2,1,0.24648110967741257,0.8441,1.0,0.0,0.012439467381618096,0.006328905387773617,0.12822848003917442,0.04701644880457427,nan,nan,nan,nan,nan,nan,15.051470374024797,
distributed,0,2,2,0.23407472324367296,0.8566,1.9898989898989898,0.13999999999999999,0.012849023089712761,0.004670435792638435,0.12460381839026655,0.055028895096769316,nan,nan,nan,nan,nan,nan,15.014055317679665,
distributed,0,2,3,0.23147790026290543,0.861,2.983673469387755,0.30669691714115316,0.012640626968269019,0.0041763831195712866,0.14489938654282136,0.05572861561708016,nan,nan,nan,nan,nan,nan,15.124949561912384,
distributed,0,2,5,0.22684721124108237,0.8654,4.978494623655914,0.6402907926629705,0.013186738360377011,0.0028813547065120585,0.13217662087743762,0.05199209684635518,nan,nan,nan,nan,nan,nan,14.937029712126563,
distributed,0,2,7,0.22555205803020278,0.8696,6.974137931034483,1.013746349389064,0.012984411689107188,0.0024652531302588824,0.12813534344149877,0.05224761069765832,nan,nan,nan,nan,nan,nan,14.811722914239256,
distributed,0,2,10,0.22495095192829004,0.8718,9.969594594594595,1.6027053183738023,0.01263371842055378,0.002860183789576289,0.1259723702287519,0.058864402142047426,nan,nan,nan,nan,nan,nan,15.279946952418939,
distributed,0,2,20,0.22363970347114148,0.8712,19.9501312335958,4.14095399636364,0.013527201361161912,0.0022859544346338387,0.1200391182022208,0.05735791736706931,nan,nan,nan,nan,nan,nan,14.837622778296751,
distributed,0,2,30,0.2235939637838381,0.875,29.93348623853211,7.124432905485592,0.01280739025652199,0.002316937815000089,0.12472084940374437,0.04903913331682105,nan,nan,nan,nan,nan,nan,15.198169426539755,
distributed,0,2,50,0.22373848262261375,0.8709,49.847207586933614,10.665247301399065,0.012623917925602437,0.0031483369779058074,0.1216964535520771,0.05558034754772561,nan,nan,nan,nan,nan,nan,15.034344569156923,
distributed,0,2,70,0.22337335740658404,0.8722,69.85947046843177,22.819605057932094,0.012589131410493497,0.0025382339581528817,0.13999448470064918,0.04148929375458923,nan,nan,nan,nan,nan,nan,15.343092168034365,
distributed,0,2,100,0.22294240187702755,0.874,99.80239520958084,36.89512162874653,0.013384739658895486,0.0026916471269208936,0.1572006467518344,0.049269806489098504,nan,nan,nan,nan,nan,nan,15.003229863387576,
distributed,0,3,-1,0.23741893773951422,0.8539,4.3229813664596275,1.2472456268824972,0.01254290852173255,0.00367265284863627,0.13210952388049196,0.05464612650080863,25.522859728636696,3.086142402871028,2.7545056430718042,0.40294505470767855,1.7369407909240584,0.4159664813334468,14.941019622137977,
distributed,0,3,1,0.24686637218986401,0.8442,1.0,0.0,0.013077160107182588,0.006988055567087747,0.13505669757691244,0.05208794704944085,nan,nan,nan,nan,nan,nan,14.961519626093603,
distributed,0,3,2,0.23727893443655046,0.8543,1.989247311827957,0.14430489325798443,0.012944553751577508,0.005178906125192891,0.1333526930199615,0.0551766017432781,nan,nan,nan,nan,nan,nan,14.934411959322873,
distributed,0,3,3,0.23498554879227698,0.8545,2.985294117647059,0.2916610405434508,0.013002779658123378,0.0038456226394591835,0.1251893168260967,0.05589747576085531,nan,nan,nan,nan,nan,nan,15.083475501852536,
distributed,0,3,5,0.2388471342182658,0.852,4.976608187134503,0.6663945022680343,0.013576403767149952,0.003012612269867191,0.14608609276761986,0.05416377030375664,nan,nan,nan,nan,nan,nan,14.90729488726691,
distributed,0,3,7,0.2412633360260364,0.8501,6.9737417943107225,1.0210526194917653,0.013026387683172451,0.0028734348190428698,0.13833166556070423,0.05427656885723975,nan,nan,nan,nan,nan,nan,15.179558662735909,
distributed,0,3,10,0.24759109814014735,0.8436,9.968421052631578,1.1764635937401364,0.012912068271603882,0.0024661612518034623,0.12741089478896128,0.05522700250462402,nan,nan,nan,nan,nan,nan,14.860758645348342,
distributed,0,3,20,0.2639624515520679,0.8261,19.842666666666666,3.4303437703301687,0.012789339704840006,0.0014262180466353392,0.13410307488155446,0.05675067666912044,nan,nan,nan,nan,nan,nan,14.877252591647952,
distributed,0,3,30,0.27774722414538344,0.8126,29.931116389548695,7.233870947762953,0.012672203144202985,0.0022180043781768,0.12630647224481786,0.05235968337875481,nan,nan,nan,nan,nan,nan,14.829882745764786,
distributed,0,3,50,0.2896296593661448,0.8028,49.27489177489178,11.91889256600629,0.013179701069388813,0.0008373430778052445,0.13445998380007146,0.04660818970685345,nan,nan,nan,nan,nan,nan,14.85641627207321,
distributed,0,3,70,0.29782914518806813,0.7954,68.79543197616684,19.201135220345698,0.012158096136791396,0.003217278687393226,0.1334347830289277,0.04634456849885784,nan,nan,nan,nan,nan,nan,15.158808037737863,
distributed,0,3,100,0.30764157370526984,0.7858,97.8313953488372,31.898275815473163,0.014025355422390915,0.002837552891088578,0.12219129238092535,0.05000691099263812,nan,nan,nan,nan,nan,nan,15.066699298047462,
distributed,1,0,-1,0.22296803699240364,0.8732,32.18377088305489,14.398323805049731,0.012549292579646681,0.0020693693850410474,0.12327933315851992,0.054844555998698113,7.6874922896006,3.6877665891883296,0.5384194457469726,0.08617046458532081,0.18140893678139666,0.14076043677475655,15.364080210340656,
distributed,1,0,1,0.24843824433785325,0.8451,1.0,0.0,0.013347264935619607,0.006220080960384727,0.1443023269937084,0.0537719575490014,nan,nan,nan,nan,nan,nan,15.134360825215488,
distributed,1,0,2,0.23438086631039953,0.8552,1.989247311827957,0.14430489325798443,0.012700830269823809,0.004611947629850457,0.13724485572397235,0.056555117212595124,nan,nan,nan,nan,nan,nan,15.265815468972376,
distributed,1,0,3,0.23018873552147953,0.8614,2.984251968503937,0.301429799925947,0.013235758271039632,0.0035810884965875385,0.1375074707445726,0.048868678354225106,nan,nan,nan,nan,nan,nan,15.172137983116837,
distributed,1,0,5,0.2263848459061372,0.8678,4.979591836734694,0.6244997998398398,0.013618647931064964,0.003459608627027791,0.1235512542685385,0.04715954651094759,nan,nan,nan,nan,nan,nan,15.202928358965105,
distributed,1,0,7,0.22528414761082882,0.8685,6.974025974025974,0.7357467190367903,0.01301573018204935,0.0025111881615130947,0.13194746137499652,0.05404983923483867,nan,nan,nan,nan,nan,nan,14.875242322268663,
distributed,1,0,10,0.22404291279361999,0.8703,9.969594594594595,1.6027053183738023,0.013612852540049264,0.0025865742073456,0.11902904091198306,0.05241165232334155,nan,nan,nan,nan,nan,nan,15.164791074012236,
distributed,1,0,20,0.22332325711047252,0.8725,19.948787061994608,4.190876412148972,0.013404931449554187,0.0024763222591210297,0.13084154021645836,0.05307511771874834,nan,nan,nan,nan,nan,nan,14.900016721183432,
distributed,1,0,30,0.2229855204121823,0.8727,29.702308626974485,6.127461043101015,0.013325035959275373,0.0021710603135832373,0.13866739771389358,0.047783524511194636,nan,nan,nan,nan,nan,nan,15.283360781744374,
distributed,1,0,50,0.2227145568980377,0.8737,49.89705882352941,14.38363267359428,0.012862050475662426,0.0019768060712812723,0.12439648352890528,0.04789895182348395,nan,nan,nan,nan,nan,nan,15.119828028310485,
distributed,1,0,70,0.22270942751705966,0.8731,69.02805611222445,20.371165283311605,0.013016827499300892,0.0015579842482830364,0.1241458612738781,0.05145024661325392,nan,nan,nan,nan,nan,nan,14.839550758488155,
distributed,1,0,100,0.22280033025050894,0.8739,98.2258064516129,33.25939716831921,0.01202714698834144,0.0031528940619777726,0.13732534809717797,0.06903624127457499,nan,nan,nan,nan,nan,nan,14.94739939003818,
distributed,1,1,-1,0.22810509294003187,0.8634,9.199203187250996,2.8249093565783014,0.01329454973658314,0.0025865699233906993,0.13644229068610575,0.05204841787175078,11.765196468967565,3.022633041667217,1.3224331790028774,0.17920521675680895,0.8975582491894301,0.18898235487211043,14.990143998923834,
distributed,1,1,1,0.24511987449409195,0.846,1.0,0.0,0.012793056553994922,0.006792114211543608,0.1250466761134681,0.05708341667975508,nan,nan,nan,nan,nan,nan,15.02453086075347,
distributed,1,1,2,0.23406872832501086,0.8561,1.9896907216494846,0.14139190265868384,0.012723271177539982,0.004537183831044429,0.13090455759468236,0.051667319214268946,nan,nan,nan,nan,nan,nan,15.29271888822884,
distributed,1,1,3,0.23064119379122108,0.8591,2.9849624060150375,0.29481109247603554,0.012746804607194333,0.003911377988838791,0.12742693198396318,0.057081010859275444,nan,nan,nan,nan,nan,nan,14.858358252255908,
distributed,1,1,5,0.2284585252401644,0.863,4.9779005524861875,0.6486486486486487,0.013168728187375672,0.0031414531311367844,0.137536196250742,0.062295026837848246,nan,nan,nan,nan,nan,nan,14.97965103382109,
distributed,1,1,7,0.2275730174166775,0.8647,6.96137339055794,0.8620206405736968,0.012445618755952495,0.0025674873584233867,0.13621067810283027,0.052394679287506046,nan,nan,nan,nan,nan,nan,15.087897233736625,
distributed,1,1,10,0.22767629145669321,0.8641,9.96797153024911,1.6421904689366424,0.012755876983927833,0.0027197297564781654,0.1395034815501068,0.06140504525909611,nan,nan,nan,nan,nan,nan,15.167219348293104,
distributed,1,1,20,0.22947087205574485,0.864,19.9501312335958,4.14095399636364,0.01328139162383902,0.002172954365108224,0.12964121084850394,0.055037430274503286,nan,nan,nan,nan,nan,nan,15.110982297732408,
distributed,1,1,30,0.23098490154417647,0.8626,29.712778429073857,6.031491431552307,0.012888674937001668,0.0012388754290771097,0.13437937027815336,0.03527327758092101,nan,nan,nan,nan,nan,nan,14.97939655900682,
distributed,1,1,50,0.2348981409972787,0.8587,49.57645764576458,13.694798282559695,0.0127459264541563,0.0019196001973864627,0.1381479104993843,0.051823213567891165,nan,nan,nan,nan,nan,nan,14.813854919151716,
distributed,1,1,70,0.2403465767012748,0.8536,69.65916069600819,17.169223110619253,0.013549358237516344,0.0021646336986807587,0.1423457391242438,0.0539173779735724,nan,nan,nan,nan,nan,nan,14.869784883180637,
distributed,1,1,100,0.24373932032077006,0.8515,99.80239520958084,36.89512162874653,0.014263270845867586,0.0024790633483098823,0.1275795077867413,0.05627328236744388,nan,nan,nan,nan,nan,nan,14.804022767022884,
distributed,1,2,-1,0.2229039979242169,0.8745,97.74925074925075,43.32229712943935,0.012703067131009521,0.0015774638654418337,0.12277905136502358,0.054831616224304505,1e-05,0.0,5.599797889081598e-17,2.7022132261777403e-17,0.0,0.0,14.905077159550089,
distributed,1,2,1,0.2503219806669788,0.8399,1.0,0.0,0.012650724360409007,0.006191805994334131,0.13638437342390985,0.04917505653595184,nan,nan,nan,nan,nan,nan,15.052544876216205,
distributed,1,2,2,0.23443343790101426,0.8549,1.9894736842105263,0.1428261375083551,0.012587274162369247,0.004897692647429755,0.13125555907149053,0.04995211478829384,nan,nan,nan,nan,nan,nan,15.000748727836868,
distributed,1,2,3,0.23008558220984943,0.8607,2.9847908745247147,0.296424852994897,0.01364598513179858,0.0038953647298557567,0.12643182299121009,0.057159183848274786,nan,nan,nan,nan,nan,nan,14.854133820024838,
distributed,1,2,5,0.22768461366544138,0.8652,4.9772727272727275,0.6573421981221795,0.014003804975061644,0.0032555943003295534,0.14149013092958843,0.051930342778246284,nan,nan,nan,nan,nan,nan,15.17462863377473,
distributed,1,2,7,0.2278611790774864,0.8648,6.974522292993631,1.0065945132861067,0.013115367691321543,0.0026924911994584966,0.12608472162795972,0.05465104259694828,nan,nan,nan,nan,nan,nan,14.95685503546188,
distributed,1,2,10,0.22450446908430685,0.8716,9.948630136986301,1.4476033833738975,0.013232791921176152,0.002693586874062687,0.12360504823294095,0.05974008988346217,nan,nan,nan,nan,nan,nan,15.054487273650926,
distributed,1,2,20,0.22358384339375756,0.8743,19.925575101488498,3.0495674276600075,0.01329318016742565,0.0021284500906102307,0.13253929860170569,0.05070260276791192,nan,nan,nan,nan,nan,nan,14.676572237283091,
distributed,1,2,30,0.2233706800264632,0.8737,29.8,5.279414950751856,0.01302893128964362,0.0012681465585360182,0.12303575727382524,0.051506709434280026,nan,nan,nan,nan,nan,nan,14.889880293801554,
distributed,1,2,50,0.22324830838056753,0.8735,49.292185730464325,11.444918068054815,0.01380962399410606,0.0027335353012754586,0.15998732508361443,0.060533301520211316,nan,nan,nan,nan,nan,nan,14.744170692117267,
distributed,1,2,70,0.22288146156916894,0.8744,69.42871587462083,21.697404078598897,0.013452334007290297,0.0014681512868055001,0.13923996078903553,0.06045617210645718,nan,nan,nan,nan,nan,nan,15.253521888171448,
distributed,1,2,100,0.22356452394760754,0.8761,98.07602339181287,32.79100486413919,0.013041438126748605,0.0007769868175056546,0.12044570247877702,0.04717295863489413,nan,nan,nan,nan,nan,nan,14.946807080475017,
distributed,1,3,-1,0.23631138619480788,0.8538,4.224615384615385,1.3515403737782687,0.013181958429270491,0.004249262120010588,0.12108710392203878,0.0546380925566484,25.661816887594046,3.693755805188602,2.7150008528492964,0.41766673483183203,1.7324828618304133,0.41850411708727064,14.850247455698215,
distributed,1,3,1,0.24531817225565244,0.845,1.0,0.0,0.012548824071154567,0.006997053188608877,0.1253626705785082,0.05712228684628223,nan,nan,nan,nan,nan,nan,14.894441422163581,
distributed,1,3,2,0.2358749576655571,0.8544,1.99009900990099,0.1386483884679505,0.013451857846139968,0.005590384998742214,0.12145834355342375,0.054986031994588624,nan,nan,nan,nan,nan,nan,15.084557031310158,
distributed,1,3,3,0.23532866622904508,0.8556,2.9847908745247147,0.296424852994897,0.013110747683297562,0.004341044515409492,0.13070513391565983,0.050464602802822695,nan,nan,nan,nan,nan,nan,15.084740977457749,
distributed,1,3,5,0.23845923576999586,0.8535,4.9772727272727275,0.6573421981221795,0.013454939819413526,0.0029175220622919265,0.14067672571769713,0.05819085962728754,nan,nan,nan,nan,nan,nan,14.870079440019781,
distributed,1,3,7,0.24093813118498167,0.8511,6.974522292993631,1.0065945132861067,0.013189892732788948,0.0034754435116009074,0.12730467335750295,0.05258538098974396,nan,nan,nan,nan,nan,nan,15.143145088263898,
distributed,1,3,10,0.24763581454538414,0.8433,9.96797153024911,1.6421904689366424,0.013301756409929961,0.0027606435088010518,0.1315665163935922,0.046454409082179585,nan,nan,nan,nan,nan,nan,15.093451725486903,
distributed,1,3,20,0.2649294145306125,0.8249,19.94736842105263,4.242640687119285,0.012954996310699855,0.0016240440094371278,0.1452492803353054,0.052166899055697595,nan,nan,nan,nan,nan,nan,14.966063386780025,
distributed,1,3,30,0.2751344655377675,0.8151,29.692493946731236,5.869974385511713,0.0130201884555746,0.0011559099475279186,0.14590933064663913,0.046992271609484215,nan,nan,nan,nan,nan,nan,15.013492168326238,
distributed,1,3,50,0.29033032628018596,0.8024,49.27801724137931,11.555950847939776,0.012752673814255891,0.0014640473023047177,0.13472172957536566,0.04715897256142315,nan,nan,nan,nan,nan,nan,14.773962080713517,
distributed,1,3,70,0.30145376546395997,0.7912,68.74705882352941,17.848319248601534,0.012401024048898401,0.0030030556368316223,0.10944243474518903,0.03402684873048219,nan,nan,nan,nan,nan,nan,15.072582198967215,
distributed,1,3,100,0.3163074720705641,0.7763,99.70470470470471,28.408763634478525,0.013003632666468073,0.0005209617968817523,0.16622678337875282,0.05024110225096474,nan,nan,nan,nan,nan,nan,14.843235835746317,
